{"loss": [0.133599191904068, 0.12008664011955261, 0.11439630389213562, 0.08660855889320374], "_timestamp": 1697792496.366141, "_runtime": 345.13294219970703, "_step": 912, "_wandb": {"runtime": 344}}