{"loss": 31.388153076171875, "_timestamp": 1697800692.2449374, "_runtime": 35.425904512405396, "_step": 5, "_wandb": {"runtime": 34}}