{"loss": 0.43713274598121643, "_timestamp": 1697807869.7944977, "_runtime": 768.3702387809753, "_step": 625}