{"loss": 0.43715134263038635, "_timestamp": 1697808055.5102112, "_runtime": 954.0859522819519, "_step": 779, "_wandb": {"runtime": 954}}