{"loss": 0.5402940511703491, "_timestamp": 1697793403.4295251, "_runtime": 310.42107605934143, "_step": 859, "_wandb": {"runtime": 309}}