{"loss": 0.40267255902290344, "_timestamp": 1697805781.8681579, "_runtime": 2228.36213183403, "_step": 6372, "_wandb": {"runtime": 2227}}