{"loss": 0.3793264627456665, "_timestamp": 1697800006.3357594, "_runtime": 6250.916855335236, "_step": 17925, "_wandb": {"runtime": 6250}}