{"loss": 0.5531044006347656, "_timestamp": 1697806232.7275565, "_runtime": 211.54742050170898, "_step": 298, "_wandb": {"runtime": 211}}