{"loss": 0.4179629385471344, "logits": -1015958784.0, "_timestamp": 1697803350.2932205, "_runtime": 1305.3894844055176, "_step": 3705, "_wandb": {"runtime": 1305}}