{"loss": 0.4616616666316986, "_timestamp": 1697806974.165142, "_runtime": 695.7978551387787, "_step": 565, "_wandb": {"runtime": 696}}